Aliaga;FIO;2016-07-20 11:00:00;0;9.45;214;25.64;C;38.9135558118;27.1916435931;548
Aliaga;FIO;2016-07-20 12:00:00;0;9.65;213;27.49;C;38.9135558118;27.1916435931;548
Aliaga;FIO;2016-07-20 13:00:00;0;9.68;211;29.41;C;38.9135558118;27.1916435931;548
Aliaga;FIO;2016-07-20 14:00:00;0;9.6;209;31.36;C;38.9135558118;27.1916435931;548
Aliaga;FIO;2016-07-20 15:00:00;0;9.51;207;32.85;C;38.9135558118;27.1916435931;548
Aliaga;FIO;2016-07-20 16:00:00;0;9.51;206;32.79;C;38.9135558118;27.1916435931;548
Aliaga;FIO;2016-07-20 17:00:00;0;9.51;205;31.71;C;38.9135558118;27.1916435931;548
Aliaga;FIO;2016-07-20 18:00:00;0;9.29;204;30.13;C;38.9135558118;27.1916435931;548
Aliaga;FIO;2016-07-20 19:00:00;0;8.66;204;28.02;C;38.9135558118;27.1916435931;548
Aliaga;FIO;2016-07-20 20:00:00;0;7.81;203;25.66;C;38.9135558118;27.1916435931;548
Aliaga;FIO;2016-07-20 21:00:00;0;7.09;203;23.7;C;38.9135558118;27.1916435931;548
Aliaga;FIO;2016-07-20 22:00:00;0;6.67;203;22.35;C;38.9135558118;27.1916435931;548
Aliaga;FIO;2016-07-20 23:00:00;0;6.38;202;21.28;C;38.9135558118;27.1916435931;548
Aliaga;FIO;2016-07-21 00:00:00;1;6.11;202;20.33;C;38.9135558118;27.1916435931;548
Aliaga;FIO;2016-07-21 01:00:00;1;5.83;203;19.4;C;38.9135558118;27.1916435931;548
Aliaga;FIO;2016-07-21 02:00:00;1;5.58;203;18.53;C;38.9135558118;27.1916435931;548
Aliaga;FIO;2016-07-21 03:00:00;1;5.38;204;17.77;C;38.9135558118;27.1916435931;548
Aliaga;FIO;2016-07-21 04:00:00;1;5.16;204;17.02;C;38.9135558118;27.1916435931;548
Aliaga;FIO;2016-07-21 05:00:00;1;4.98;204;16.42;C;38.9135558118;27.1916435931;548
Aliaga;FIO;2016-07-21 06:00:00;1;5.07;205;16.84;C;38.9135558118;27.1916435931;548
Aliaga;FIO;2016-07-21 07:00:00;1;5.61;207;18.05;C;38.9135558118;27.1916435931;548
Aliaga;FIO;2016-07-21 08:00:00;1;6.41;208;19.71;C;38.9135558118;27.1916435931;548
Aliaga;FIO;2016-07-21 09:00:00;1;7.05;209;21.41;C;38.9135558118;27.1916435931;548
Aliaga;FIO;2016-07-21 10:00:00;1;7.4;209;23.27;C;38.9135558118;27.1916435931;548
Aliaga;FIO;2016-07-21 11:00:00;1;7.6;208;25.42;C;38.9135558118;27.1916435931;548
Aliaga;FIO;2016-07-21 12:00:00;1;7.72;207;27.5;C;38.9135558118;27.1916435931;548
Aliaga;FIO;2016-07-21 13:00:00;1;7.78;206;29.44;C;38.9135558118;27.1916435931;548
Aliaga;FIO;2016-07-21 14:00:00;1;7.77;204;31.2;C;38.9135558118;27.1916435931;548
Aliaga;FIO;2016-07-21 15:00:00;1;7.78;202;32.42;C;38.9135558118;27.1916435931;548
Aliaga;FIO;2016-07-21 16:00:00;1;7.96;201;32.89;C;38.9135558118;27.1916435931;548
Aliaga;FIO;2016-07-21 17:00:00;1;8.15;200;32.31;C;38.9135558118;27.1916435931;548
Aliaga;FIO;2016-07-21 18:00:00;1;8.01;199;31.07;C;38.9135558118;27.1916435931;548
Aliaga;FIO;2016-07-21 19:00:00;1;7.23;199;29.11;C;38.9135558118;27.1916435931;548
Aliaga;FIO;2016-07-21 20:00:00;1;6.12;199;26.74;C;38.9135558118;27.1916435931;548
Aliaga;FIO;2016-07-21 21:00:00;1;5.16;200;24.61;C;38.9135558118;27.1916435931;548
Aliaga;FIO;2016-07-21 22:00:00;1;4.56;198;22.84;C;38.9135558118;27.1916435931;548
Aliaga;FIO;2016-07-21 23:00:00;1;4.12;195;21.25;C;38.9135558118;27.1916435931;548
Aliaga;FIO;2016-07-22 00:00:00;2;3.82;193;19.97;C;38.9135558118;27.1916435931;548
Aliaga;FIO;2016-07-22 01:00:00;2;3.67;195;19.09;C;38.9135558118;27.1916435931;548
Aliaga;FIO;2016-07-22 02:00:00;2;3.69;198;18.51;C;38.9135558118;27.1916435931;548
Aliaga;FIO;2016-07-22 03:00:00;2;3.71;202;18.04;C;38.9135558118;27.1916435931;548
Aliaga;FIO;2016-07-22 04:00:00;2;3.6;203;17.42;C;38.9135558118;27.1916435931;548
Aliaga;FIO;2016-07-22 05:00:00;2;3.49;205;16.91;C;38.9135558118;27.1916435931;548
Aliaga;FIO;2016-07-22 06:00:00;2;3.59;207;17.42;C;38.9135558118;27.1916435931;548
Aliaga;FIO;2016-07-22 07:00:00;2;4.06;209;19.1;C;38.9135558118;27.1916435931;548
Aliaga;FIO;2016-07-22 08:00:00;2;4.73;211;21.42;C;38.9135558118;27.1916435931;548
Aliaga;FIO;2016-07-22 09:00:00;2;5.27;211;23.64;C;38.9135558118;27.1916435931;548
Aliaga;FIO;2016-07-22 10:00:00;2;5.55;210;25.69;C;38.9135558118;27.1916435931;548
Aliaga;FIO;2016-07-22 11:00:00;2;5.7;209;27.86;C;38.9135558118;27.1916435931;548
Bandirma;FIO;2016-07-20 11:00:00;0;8.39;214;23.61;C;40.3683593473;28.0826182133;282
Bandirma;FIO;2016-07-20 12:00:00;0;8.75;212;24.36;C;40.3683593473;28.0826182133;282
Bandirma;FIO;2016-07-20 13:00:00;0;9.2;210;25.02;C;40.3683593473;28.0826182133;282
Bandirma;FIO;2016-07-20 14:00:00;0;9.67;208;25.63;C;40.3683593473;28.0826182133;282
Bandirma;FIO;2016-07-20 15:00:00;0;9.99;208;26.17;C;40.3683593473;28.0826182133;282
Bandirma;FIO;2016-07-20 16:00:00;0;10.17;208;26.44;C;40.3683593473;28.0826182133;282
Bandirma;FIO;2016-07-20 17:00:00;0;10.24;210;26.17;C;40.3683593473;28.0826182133;282
Bandirma;FIO;2016-07-20 18:00:00;0;10.07;211;25.59;C;40.3683593473;28.0826182133;282
Bandirma;FIO;2016-07-20 19:00:00;0;9.58;213;24.66;C;40.3683593473;28.0826182133;282
Bandirma;FIO;2016-07-20 20:00:00;0;8.89;216;23.56;C;40.3683593473;28.0826182133;282
Bandirma;FIO;2016-07-20 21:00:00;0;8.23;218;22.59;C;40.3683593473;28.0826182133;282
Bandirma;FIO;2016-07-20 22:00:00;0;7.64;220;21.81;C;40.3683593473;28.0826182133;282
Bandirma;FIO;2016-07-20 23:00:00;0;7.06;221;21.08;C;40.3683593473;28.0826182133;282
Bandirma;FIO;2016-07-21 00:00:00;1;6.58;222;20.41;C;40.3683593473;28.0826182133;282
Bandirma;FIO;2016-07-21 01:00:00;1;6.25;221;19.76;C;40.3683593473;28.0826182133;282
Bandirma;FIO;2016-07-21 02:00:00;1;6.04;220;19.15;C;40.3683593473;28.0826182133;282
Bandirma;FIO;2016-07-21 03:00:00;1;5.9;219;18.67;C;40.3683593473;28.0826182133;282
Bandirma;FIO;2016-07-21 04:00:00;1;5.76;220;18.3;C;40.3683593473;28.0826182133;282
Bandirma;FIO;2016-07-21 05:00:00;1;5.69;221;18.1;C;40.3683593473;28.0826182133;282
Bandirma;FIO;2016-07-21 06:00:00;1;5.75;222;18.57;C;40.3683593473;28.0826182133;282
Bandirma;FIO;2016-07-21 07:00:00;1;6.08;223;19.51;C;40.3683593473;28.0826182133;282
Bandirma;FIO;2016-07-21 08:00:00;1;6.53;223;20.65;C;40.3683593473;28.0826182133;282
Bandirma;FIO;2016-07-21 09:00:00;1;6.89;223;21.69;C;40.3683593473;28.0826182133;282
Bandirma;FIO;2016-07-21 10:00:00;1;7.03;221;22.66;C;40.3683593473;28.0826182133;282
Bandirma;FIO;2016-07-21 11:00:00;1;7.1;219;23.75;C;40.3683593473;28.0826182133;282
Bandirma;FIO;2016-07-21 12:00:00;1;7.22;218;24.92;C;40.3683593473;28.0826182133;282
Bandirma;FIO;2016-07-21 13:00:00;1;7.44;218;26.15;C;40.3683593473;28.0826182133;282
Bandirma;FIO;2016-07-21 14:00:00;1;7.7;218;27.37;C;40.3683593473;28.0826182133;282
Bandirma;FIO;2016-07-21 15:00:00;1;7.92;219;28.28;C;40.3683593473;28.0826182133;282
Bandirma;FIO;2016-07-21 16:00:00;1;8.19;220;28.69;C;40.3683593473;28.0826182133;282
Bandirma;FIO;2016-07-21 17:00:00;1;8.43;222;28.27;C;40.3683593473;28.0826182133;282
Bandirma;FIO;2016-07-21 18:00:00;1;8.37;224;27.39;C;40.3683593473;28.0826182133;282
Bandirma;FIO;2016-07-21 19:00:00;1;7.83;227;26.09;C;40.3683593473;28.0826182133;282
Bandirma;FIO;2016-07-21 20:00:00;1;7.01;232;24.57;C;40.3683593473;28.0826182133;282
Bandirma;FIO;2016-07-21 21:00:00;1;6.24;236;23.21;C;40.3683593473;28.0826182133;282
Bandirma;FIO;2016-07-21 22:00:00;1;5.52;241;22.09;C;40.3683593473;28.0826182133;282
Bandirma;FIO;2016-07-21 23:00:00;1;4.79;245;21.09;C;40.3683593473;28.0826182133;282
Bandirma;FIO;2016-07-22 00:00:00;2;4.14;247;20.26;C;40.3683593473;28.0826182133;282
Bandirma;FIO;2016-07-22 01:00:00;2;3.55;246;19.62;C;40.3683593473;28.0826182133;282
Bandirma;FIO;2016-07-22 02:00:00;2;3.06;241;19.12;C;40.3683593473;28.0826182133;282
Bandirma;FIO;2016-07-22 03:00:00;2;2.76;235;18.76;C;40.3683593473;28.0826182133;282
Bandirma;FIO;2016-07-22 04:00:00;2;2.67;231;18.43;C;40.3683593473;28.0826182133;282
Bandirma;FIO;2016-07-22 05:00:00;2;2.74;228;18.25;C;40.3683593473;28.0826182133;282
Bandirma;FIO;2016-07-22 06:00:00;2;2.9;226;18.73;C;40.3683593473;28.0826182133;282
Bandirma;FIO;2016-07-22 07:00:00;2;3.17;224;19.81;C;40.3683593473;28.0826182133;282
Bandirma;FIO;2016-07-22 08:00:00;2;3.5;224;21.2;C;40.3683593473;28.0826182133;282
Bandirma;FIO;2016-07-22 09:00:00;2;3.83;222;22.45;C;40.3683593473;28.0826182133;282
Bandirma;FIO;2016-07-22 10:00:00;2;4.18;219;23.52;C;40.3683593473;28.0826182133;282
Bandirma;FIO;2016-07-22 11:00:00;2;4.55;216;24.64;C;40.3683593473;28.0826182133;282
Mazi;FIO;2016-07-20 11:00:00;0;10.08;198;24.98;C;38.2319303268;26.4501701647;52
Mazi;FIO;2016-07-20 12:00:00;0;9.93;195;26.16;C;38.2319303268;26.4501701647;52
Mazi;FIO;2016-07-20 13:00:00;0;9.82;191;27.41;C;38.2319303268;26.4501701647;52
Mazi;FIO;2016-07-20 14:00:00;0;9.78;187;28.91;C;38.2319303268;26.4501701647;52
Mazi;FIO;2016-07-20 15:00:00;0;9.79;184;30.47;C;38.2319303268;26.4501701647;52
Mazi;FIO;2016-07-20 16:00:00;0;9.85;182;31.36;C;38.2319303268;26.4501701647;52
Mazi;FIO;2016-07-20 17:00:00;0;9.92;181;30.97;C;38.2319303268;26.4501701647;52
Mazi;FIO;2016-07-20 18:00:00;0;9.95;181;30.09;C;38.2319303268;26.4501701647;52
Mazi;FIO;2016-07-20 19:00:00;0;9.93;184;28.81;C;38.2319303268;26.4501701647;52
Mazi;FIO;2016-07-20 20:00:00;0;9.92;188;27.36;C;38.2319303268;26.4501701647;52
Mazi;FIO;2016-07-20 21:00:00;0;9.85;190;26.03;C;38.2319303268;26.4501701647;52
Mazi;FIO;2016-07-20 22:00:00;0;9.62;190;24.85;C;38.2319303268;26.4501701647;52
Mazi;FIO;2016-07-20 23:00:00;0;9.31;189;23.75;C;38.2319303268;26.4501701647;52
Mazi;FIO;2016-07-21 00:00:00;1;9.14;188;22.83;C;38.2319303268;26.4501701647;52
Mazi;FIO;2016-07-21 01:00:00;1;9.21;188;22.1;C;38.2319303268;26.4501701647;52
Mazi;FIO;2016-07-21 02:00:00;1;9.41;189;21.44;C;38.2319303268;26.4501701647;52
Mazi;FIO;2016-07-21 03:00:00;1;9.57;190;20.86;C;38.2319303268;26.4501701647;52
Mazi;FIO;2016-07-21 04:00:00;1;9.64;191;20.34;C;38.2319303268;26.4501701647;52
Mazi;FIO;2016-07-21 05:00:00;1;9.67;192;19.95;C;38.2319303268;26.4501701647;52
Mazi;FIO;2016-07-21 06:00:00;1;9.69;193;20.24;C;38.2319303268;26.4501701647;52
Mazi;FIO;2016-07-21 07:00:00;1;9.71;194;20.74;C;38.2319303268;26.4501701647;52
Mazi;FIO;2016-07-21 08:00:00;1;9.7;195;21.37;C;38.2319303268;26.4501701647;52
Mazi;FIO;2016-07-21 09:00:00;1;9.65;195;22.09;C;38.2319303268;26.4501701647;52
Mazi;FIO;2016-07-21 10:00:00;1;9.55;193;23.09;C;38.2319303268;26.4501701647;52
Mazi;FIO;2016-07-21 11:00:00;1;9.42;191;24.4;C;38.2319303268;26.4501701647;52
Mazi;FIO;2016-07-21 12:00:00;1;9.26;188;25.84;C;38.2319303268;26.4501701647;52
Mazi;FIO;2016-07-21 13:00:00;1;9.03;184;27.4;C;38.2319303268;26.4501701647;52
Mazi;FIO;2016-07-21 14:00:00;1;8.82;180;28.98;C;38.2319303268;26.4501701647;52
Mazi;FIO;2016-07-21 15:00:00;1;8.66;536;30.18;C;38.2319303268;26.4501701647;52
Mazi;FIO;2016-07-21 16:00:00;1;8.58;532;30.71;C;38.2319303268;26.4501701647;52
Mazi;FIO;2016-07-21 17:00:00;1;8.55;529;30.33;C;38.2319303268;26.4501701647;52
Mazi;FIO;2016-07-21 18:00:00;1;8.51;527;29.56;C;38.2319303268;26.4501701647;52
Mazi;FIO;2016-07-21 19:00:00;1;8.45;529;28.49;C;38.2319303268;26.4501701647;52
Mazi;FIO;2016-07-21 20:00:00;1;8.39;533;27.26;C;38.2319303268;26.4501701647;52
Mazi;FIO;2016-07-21 21:00:00;1;8.26;536;26.13;C;38.2319303268;26.4501701647;52
Mazi;FIO;2016-07-21 22:00:00;1;7.92;538;25.14;C;38.2319303268;26.4501701647;52
Mazi;FIO;2016-07-21 23:00:00;1;7.49;539;24.22;C;38.2319303268;26.4501701647;52
Mazi;FIO;2016-07-22 00:00:00;2;7.23;181;23.47;C;38.2319303268;26.4501701647;52
Mazi;FIO;2016-07-22 01:00:00;2;7.33;183;22.89;C;38.2319303268;26.4501701647;52
Mazi;FIO;2016-07-22 02:00:00;2;7.62;184;22.41;C;38.2319303268;26.4501701647;52
Mazi;FIO;2016-07-22 03:00:00;2;7.83;186;22.01;C;38.2319303268;26.4501701647;52
Mazi;FIO;2016-07-22 04:00:00;2;7.85;187;21.56;C;38.2319303268;26.4501701647;52
Mazi;FIO;2016-07-22 05:00:00;2;7.8;188;21.19;C;38.2319303268;26.4501701647;52
Mazi;FIO;2016-07-22 06:00:00;2;7.73;190;21.41;C;38.2319303268;26.4501701647;52
Mazi;FIO;2016-07-22 07:00:00;2;7.66;192;22.03;C;38.2319303268;26.4501701647;52
Mazi;FIO;2016-07-22 08:00:00;2;7.58;194;22.88;C;38.2319303268;26.4501701647;52
Mazi;FIO;2016-07-22 09:00:00;2;7.49;195;23.82;C;38.2319303268;26.4501701647;52
Mazi;FIO;2016-07-22 10:00:00;2;7.41;194;25.01;C;38.2319303268;26.4501701647;52
Mazi;FIO;2016-07-22 11:00:00;2;7.34;191;26.54;C;38.2319303268;26.4501701647;52
Soma;FIO;2016-07-20 11:00:00;0;8.48;208;24.21;C;39.294972711;27.7298419806;740
Soma;FIO;2016-07-20 12:00:00;0;8.76;208;25.96;C;39.294972711;27.7298419806;740
Soma;FIO;2016-07-20 13:00:00;0;9.04;206;27.46;C;39.294972711;27.7298419806;740
Soma;FIO;2016-07-20 14:00:00;0;9.27;204;28.73;C;39.294972711;27.7298419806;740
Soma;FIO;2016-07-20 15:00:00;0;9.46;202;29.5;C;39.294972711;27.7298419806;740
Soma;FIO;2016-07-20 16:00:00;0;9.69;201;29.29;C;39.294972711;27.7298419806;740
Soma;FIO;2016-07-20 17:00:00;0;9.88;201;28.39;C;39.294972711;27.7298419806;740
Soma;FIO;2016-07-20 18:00:00;0;9.74;200;27.08;C;39.294972711;27.7298419806;740
Soma;FIO;2016-07-20 19:00:00;0;9.07;199;25.29;C;39.294972711;27.7298419806;740
Soma;FIO;2016-07-20 20:00:00;0;8.08;198;23.22;C;39.294972711;27.7298419806;740
Soma;FIO;2016-07-20 21:00:00;0;7.15;197;21.42;C;39.294972711;27.7298419806;740
Soma;FIO;2016-07-20 22:00:00;0;6.4;196;20.02;C;39.294972711;27.7298419806;740
Soma;FIO;2016-07-20 23:00:00;0;5.7;195;18.8;C;39.294972711;27.7298419806;740
Soma;FIO;2016-07-21 00:00:00;1;5.11;193;17.68;C;39.294972711;27.7298419806;740
Soma;FIO;2016-07-21 01:00:00;1;4.7;193;16.65;C;39.294972711;27.7298419806;740
Soma;FIO;2016-07-21 02:00:00;1;4.43;192;15.76;C;39.294972711;27.7298419806;740
Soma;FIO;2016-07-21 03:00:00;1;4.22;192;15.03;C;39.294972711;27.7298419806;740
Soma;FIO;2016-07-21 04:00:00;1;4;192;14.28;C;39.294972711;27.7298419806;740
Soma;FIO;2016-07-21 05:00:00;1;3.84;192;13.71;C;39.294972711;27.7298419806;740
Soma;FIO;2016-07-21 06:00:00;1;3.95;194;14.18;C;39.294972711;27.7298419806;740
Soma;FIO;2016-07-21 07:00:00;1;4.53;198;15.72;C;39.294972711;27.7298419806;740
Soma;FIO;2016-07-21 08:00:00;1;5.4;203;17.83;C;39.294972711;27.7298419806;740
Soma;FIO;2016-07-21 09:00:00;1;6.15;205;19.88;C;39.294972711;27.7298419806;740
Soma;FIO;2016-07-21 10:00:00;1;6.61;206;21.87;C;39.294972711;27.7298419806;740
Soma;FIO;2016-07-21 11:00:00;1;6.93;207;24.02;C;39.294972711;27.7298419806;740
Soma;FIO;2016-07-21 12:00:00;1;7.22;206;26.08;C;39.294972711;27.7298419806;740
Soma;FIO;2016-07-21 13:00:00;1;7.49;205;27.96;C;39.294972711;27.7298419806;740
Soma;FIO;2016-07-21 14:00:00;1;7.72;203;29.62;C;39.294972711;27.7298419806;740
Soma;FIO;2016-07-21 15:00:00;1;7.93;202;30.74;C;39.294972711;27.7298419806;740
Soma;FIO;2016-07-21 16:00:00;1;8.24;200;31.12;C;39.294972711;27.7298419806;740
Soma;FIO;2016-07-21 17:00:00;1;8.53;199;30.44;C;39.294972711;27.7298419806;740
Soma;FIO;2016-07-21 18:00:00;1;8.41;198;29.09;C;39.294972711;27.7298419806;740
Soma;FIO;2016-07-21 19:00:00;1;7.55;198;26.97;C;39.294972711;27.7298419806;740
Soma;FIO;2016-07-21 20:00:00;1;6.28;198;24.41;C;39.294972711;27.7298419806;740
Soma;FIO;2016-07-21 21:00:00;1;5.17;197;22.15;C;39.294972711;27.7298419806;740
Soma;FIO;2016-07-21 22:00:00;1;4.44;196;20.37;C;39.294972711;27.7298419806;740
Soma;FIO;2016-07-21 23:00:00;1;3.87;194;18.83;C;39.294972711;27.7298419806;740
Soma;FIO;2016-07-22 00:00:00;2;3.42;193;17.55;C;39.294972711;27.7298419806;740
Soma;FIO;2016-07-22 01:00:00;2;3.12;193;16.56;C;39.294972711;27.7298419806;740
Soma;FIO;2016-07-22 02:00:00;2;2.96;194;15.83;C;39.294972711;27.7298419806;740
Soma;FIO;2016-07-22 03:00:00;2;2.86;194;15.27;C;39.294972711;27.7298419806;740
Soma;FIO;2016-07-22 04:00:00;2;2.75;194;14.64;C;39.294972711;27.7298419806;740
Soma;FIO;2016-07-22 05:00:00;2;2.7;194;14.18;C;39.294972711;27.7298419806;740
Soma;FIO;2016-07-22 06:00:00;2;2.81;195;14.8;C;39.294972711;27.7298419806;740
Soma;FIO;2016-07-22 07:00:00;2;3.18;197;16.62;C;39.294972711;27.7298419806;740
Soma;FIO;2016-07-22 08:00:00;2;3.71;201;19.11;C;39.294972711;27.7298419806;740
Soma;FIO;2016-07-22 09:00:00;2;4.22;203;21.51;C;39.294972711;27.7298419806;740
Soma;FIO;2016-07-22 10:00:00;2;4.63;205;23.82;C;39.294972711;27.7298419806;740
Soma;FIO;2016-07-22 11:00:00;2;5.02;207;26.33;C;39.294972711;27.7298419806;740
Zeytineli;FIO;2016-07-20 11:00:00;0;10;198;25.06;C;38.2525414767;26.4832726966;174
Zeytineli;FIO;2016-07-20 12:00:00;0;9.88;195;26.27;C;38.2525414767;26.4832726966;174
Zeytineli;FIO;2016-07-20 13:00:00;0;9.77;192;27.56;C;38.2525414767;26.4832726966;174
Zeytineli;FIO;2016-07-20 14:00:00;0;9.71;188;29.09;C;38.2525414767;26.4832726966;174
Zeytineli;FIO;2016-07-20 15:00:00;0;9.72;185;30.66;C;38.2525414767;26.4832726966;174
Zeytineli;FIO;2016-07-20 16:00:00;0;9.78;183;31.54;C;38.2525414767;26.4832726966;174
Zeytineli;FIO;2016-07-20 17:00:00;0;9.85;182;31.13;C;38.2525414767;26.4832726966;174
Zeytineli;FIO;2016-07-20 18:00:00;0;9.88;182;30.22;C;38.2525414767;26.4832726966;174
Zeytineli;FIO;2016-07-20 19:00:00;0;9.87;185;28.9;C;38.2525414767;26.4832726966;174
Zeytineli;FIO;2016-07-20 20:00:00;0;9.83;188;27.39;C;38.2525414767;26.4832726966;174
Zeytineli;FIO;2016-07-20 21:00:00;0;9.77;191;26.02;C;38.2525414767;26.4832726966;174
Zeytineli;FIO;2016-07-20 22:00:00;0;9.55;191;24.8;C;38.2525414767;26.4832726966;174
Zeytineli;FIO;2016-07-20 23:00:00;0;9.26;189;23.67;C;38.2525414767;26.4832726966;174
Zeytineli;FIO;2016-07-21 00:00:00;1;9.1;188;22.73;C;38.2525414767;26.4832726966;174
Zeytineli;FIO;2016-07-21 01:00:00;1;9.16;188;21.99;C;38.2525414767;26.4832726966;174
Zeytineli;FIO;2016-07-21 02:00:00;1;9.33;189;21.33;C;38.2525414767;26.4832726966;174
Zeytineli;FIO;2016-07-21 03:00:00;1;9.47;190;20.75;C;38.2525414767;26.4832726966;174
Zeytineli;FIO;2016-07-21 04:00:00;1;9.51;191;20.23;C;38.2525414767;26.4832726966;174
Zeytineli;FIO;2016-07-21 05:00:00;1;9.52;192;19.83;C;38.2525414767;26.4832726966;174
Zeytineli;FIO;2016-07-21 06:00:00;1;9.53;193;20.12;C;38.2525414767;26.4832726966;174
Zeytineli;FIO;2016-07-21 07:00:00;1;9.55;194;20.64;C;38.2525414767;26.4832726966;174
Zeytineli;FIO;2016-07-21 08:00:00;1;9.57;195;21.31;C;38.2525414767;26.4832726966;174
Zeytineli;FIO;2016-07-21 09:00:00;1;9.54;195;22.07;C;38.2525414767;26.4832726966;174
Zeytineli;FIO;2016-07-21 10:00:00;1;9.47;194;23.11;C;38.2525414767;26.4832726966;174
Zeytineli;FIO;2016-07-21 11:00:00;1;9.38;191;24.46;C;38.2525414767;26.4832726966;174
Zeytineli;FIO;2016-07-21 12:00:00;1;9.23;188;25.94;C;38.2525414767;26.4832726966;174
Zeytineli;FIO;2016-07-21 13:00:00;1;9;184;27.55;C;38.2525414767;26.4832726966;174
Zeytineli;FIO;2016-07-21 14:00:00;1;8.76;180;29.18;C;38.2525414767;26.4832726966;174
Zeytineli;FIO;2016-07-21 15:00:00;1;8.58;537;30.41;C;38.2525414767;26.4832726966;174
Zeytineli;FIO;2016-07-21 16:00:00;1;8.48;533;30.94;C;38.2525414767;26.4832726966;174
Zeytineli;FIO;2016-07-21 17:00:00;1;8.42;529;30.54;C;38.2525414767;26.4832726966;174
Zeytineli;FIO;2016-07-21 18:00:00;1;8.37;528;29.76;C;38.2525414767;26.4832726966;174
Zeytineli;FIO;2016-07-21 19:00:00;1;8.3;530;28.65;C;38.2525414767;26.4832726966;174
Zeytineli;FIO;2016-07-21 20:00:00;1;8.23;534;27.37;C;38.2525414767;26.4832726966;174
Zeytineli;FIO;2016-07-21 21:00:00;1;8.11;537;26.19;C;38.2525414767;26.4832726966;174
Zeytineli;FIO;2016-07-21 22:00:00;1;7.81;539;25.16;C;38.2525414767;26.4832726966;174
Zeytineli;FIO;2016-07-21 23:00:00;1;7.4;180;24.21;C;38.2525414767;26.4832726966;174
Zeytineli;FIO;2016-07-22 00:00:00;2;7.16;181;23.41;C;38.2525414767;26.4832726966;174
Zeytineli;FIO;2016-07-22 01:00:00;2;7.28;183;22.81;C;38.2525414767;26.4832726966;174
Zeytineli;FIO;2016-07-22 02:00:00;2;7.57;184;22.31;C;38.2525414767;26.4832726966;174
Zeytineli;FIO;2016-07-22 03:00:00;2;7.78;186;21.89;C;38.2525414767;26.4832726966;174
Zeytineli;FIO;2016-07-22 04:00:00;2;7.78;187;21.44;C;38.2525414767;26.4832726966;174
Zeytineli;FIO;2016-07-22 05:00:00;2;7.69;188;21.06;C;38.2525414767;26.4832726966;174
Zeytineli;FIO;2016-07-22 06:00:00;2;7.61;190;21.28;C;38.2525414767;26.4832726966;174
Zeytineli;FIO;2016-07-22 07:00:00;2;7.55;192;21.93;C;38.2525414767;26.4832726966;174
Zeytineli;FIO;2016-07-22 08:00:00;2;7.5;194;22.82;C;38.2525414767;26.4832726966;174
Zeytineli;FIO;2016-07-22 09:00:00;2;7.44;195;23.8;C;38.2525414767;26.4832726966;174
Zeytineli;FIO;2016-07-22 10:00:00;2;7.38;194;25.04;C;38.2525414767;26.4832726966;174
Zeytineli;FIO;2016-07-22 11:00:00;2;7.31;191;26.65;C;38.2525414767;26.4832726966;174
Dinar_1;FIO;2016-07-20 11:00:00;0;2.31;242;23.4;C;38.1545459874;30.1437443223;1390
Dinar_1;FIO;2016-07-20 12:00:00;0;1.98;243;25.48;C;38.1545459874;30.1437443223;1390
Dinar_1;FIO;2016-07-20 13:00:00;0;1.51;241;27.29;C;38.1545459874;30.1437443223;1390
Dinar_1;FIO;2016-07-20 14:00:00;0;0.96;236;28.83;C;38.1545459874;30.1437443223;1390
Dinar_1;FIO;2016-07-20 15:00:00;0;0.58;223;29.77;C;38.1545459874;30.1437443223;1390
Dinar_1;FIO;2016-07-20 16:00:00;0;0.47;206;29.44;C;38.1545459874;30.1437443223;1390
Dinar_1;FIO;2016-07-20 17:00:00;0;0.51;196;28.28;C;38.1545459874;30.1437443223;1390
Dinar_1;FIO;2016-07-20 18:00:00;0;0.62;201;26.81;C;38.1545459874;30.1437443223;1390
Dinar_1;FIO;2016-07-20 19:00:00;0;0.84;219;25.15;C;38.1545459874;30.1437443223;1390
Dinar_1;FIO;2016-07-20 20:00:00;0;1.23;234;23.36;C;38.1545459874;30.1437443223;1390
Dinar_1;FIO;2016-07-20 21:00:00;0;1.61;235;21.73;C;38.1545459874;30.1437443223;1390
Dinar_1;FIO;2016-07-20 22:00:00;0;1.93;227;20.28;C;38.1545459874;30.1437443223;1390
Dinar_1;FIO;2016-07-20 23:00:00;0;2.27;217;18.88;C;38.1545459874;30.1437443223;1390
Dinar_1;FIO;2016-07-21 00:00:00;1;2.52;211;17.59;C;38.1545459874;30.1437443223;1390
Dinar_1;FIO;2016-07-21 01:00:00;1;2.54;210;16.44;C;38.1545459874;30.1437443223;1390
Dinar_1;FIO;2016-07-21 02:00:00;1;2.41;210;15.42;C;38.1545459874;30.1437443223;1390
Dinar_1;FIO;2016-07-21 03:00:00;1;2.28;211;14.54;C;38.1545459874;30.1437443223;1390
Dinar_1;FIO;2016-07-21 04:00:00;1;2.15;213;13.68;C;38.1545459874;30.1437443223;1390
Dinar_1;FIO;2016-07-21 05:00:00;1;2.03;215;13.02;C;38.1545459874;30.1437443223;1390
Dinar_1;FIO;2016-07-21 06:00:00;1;1.96;217;13.38;C;38.1545459874;30.1437443223;1390
Dinar_1;FIO;2016-07-21 07:00:00;1;2.03;219;14.74;C;38.1545459874;30.1437443223;1390
Dinar_1;FIO;2016-07-21 08:00:00;1;2.15;219;16.64;C;38.1545459874;30.1437443223;1390
Dinar_1;FIO;2016-07-21 09:00:00;1;2.15;219;18.49;C;38.1545459874;30.1437443223;1390
Dinar_1;FIO;2016-07-21 10:00:00;1;1.94;218;20.33;C;38.1545459874;30.1437443223;1390
Dinar_1;FIO;2016-07-21 11:00:00;1;1.62;217;22.35;C;38.1545459874;30.1437443223;1390
Dinar_1;FIO;2016-07-21 12:00:00;1;1.36;209;24.22;C;38.1545459874;30.1437443223;1390
Dinar_1;FIO;2016-07-21 13:00:00;1;1.31;191;25.77;C;38.1545459874;30.1437443223;1390
Dinar_1;FIO;2016-07-21 14:00:00;1;1.51;532;27.06;C;38.1545459874;30.1437443223;1390
Dinar_1;FIO;2016-07-21 15:00:00;1;1.75;523;28.03;C;38.1545459874;30.1437443223;1390
Dinar_1;FIO;2016-07-21 16:00:00;1;1.83;524;28.63;C;38.1545459874;30.1437443223;1390
Dinar_1;FIO;2016-07-21 17:00:00;1;1.85;529;28.38;C;38.1545459874;30.1437443223;1390
Dinar_1;FIO;2016-07-21 18:00:00;1;1.94;537;27.46;C;38.1545459874;30.1437443223;1390
Dinar_1;FIO;2016-07-21 19:00:00;1;2.21;186;25.73;C;38.1545459874;30.1437443223;1390
Dinar_1;FIO;2016-07-21 20:00:00;1;2.58;194;23.56;C;38.1545459874;30.1437443223;1390
Dinar_1;FIO;2016-07-21 21:00:00;1;2.87;200;21.61;C;38.1545459874;30.1437443223;1390
Dinar_1;FIO;2016-07-21 22:00:00;1;2.99;204;20.02;C;38.1545459874;30.1437443223;1390
Dinar_1;FIO;2016-07-21 23:00:00;1;3;208;18.57;C;38.1545459874;30.1437443223;1390
Dinar_1;FIO;2016-07-22 00:00:00;2;2.91;211;17.31;C;38.1545459874;30.1437443223;1390
Dinar_1;FIO;2016-07-22 01:00:00;2;2.7;213;16.26;C;38.1545459874;30.1437443223;1390
Dinar_1;FIO;2016-07-22 02:00:00;2;2.4;215;15.4;C;38.1545459874;30.1437443223;1390
Dinar_1;FIO;2016-07-22 03:00:00;2;2.17;217;14.69;C;38.1545459874;30.1437443223;1390
Dinar_1;FIO;2016-07-22 04:00:00;2;2.1;219;13.94;C;38.1545459874;30.1437443223;1390
Dinar_1;FIO;2016-07-22 05:00:00;2;2.1;221;13.35;C;38.1545459874;30.1437443223;1390
Dinar_1;FIO;2016-07-22 06:00:00;2;2.11;223;13.76;C;38.1545459874;30.1437443223;1390
Dinar_1;FIO;2016-07-22 07:00:00;2;2.09;226;15.26;C;38.1545459874;30.1437443223;1390
Dinar_1;FIO;2016-07-22 08:00:00;2;2.06;228;17.38;C;38.1545459874;30.1437443223;1390
Dinar_1;FIO;2016-07-22 09:00:00;2;1.96;228;19.45;C;38.1545459874;30.1437443223;1390
Dinar_1;FIO;2016-07-22 10:00:00;2;1.79;224;21.44;C;38.1545459874;30.1437443223;1390
Dinar_1;FIO;2016-07-22 11:00:00;2;1.58;216;23.59;C;38.1545459874;30.1437443223;1390
Dinar_2;FIO;2016-07-20 11:00:00;0;2.32;242;23.35;C;38.1568835766;30.1510920115;1374
Dinar_2;FIO;2016-07-20 12:00:00;0;1.99;243;25.43;C;38.1568835766;30.1510920115;1374
Dinar_2;FIO;2016-07-20 13:00:00;0;1.52;242;27.23;C;38.1568835766;30.1510920115;1374
Dinar_2;FIO;2016-07-20 14:00:00;0;0.97;237;28.78;C;38.1568835766;30.1510920115;1374
Dinar_2;FIO;2016-07-20 15:00:00;0;0.59;224;29.71;C;38.1568835766;30.1510920115;1374
Dinar_2;FIO;2016-07-20 16:00:00;0;0.47;207;29.39;C;38.1568835766;30.1510920115;1374
Dinar_2;FIO;2016-07-20 17:00:00;0;0.51;197;28.24;C;38.1568835766;30.1510920115;1374
Dinar_2;FIO;2016-07-20 18:00:00;0;0.62;201;26.77;C;38.1568835766;30.1510920115;1374
Dinar_2;FIO;2016-07-20 19:00:00;0;0.84;219;25.11;C;38.1568835766;30.1510920115;1374
Dinar_2;FIO;2016-07-20 20:00:00;0;1.22;233;23.31;C;38.1568835766;30.1510920115;1374
Dinar_2;FIO;2016-07-20 21:00:00;0;1.6;235;21.67;C;38.1568835766;30.1510920115;1374
Dinar_2;FIO;2016-07-20 22:00:00;0;1.91;226;20.22;C;38.1568835766;30.1510920115;1374
Dinar_2;FIO;2016-07-20 23:00:00;0;2.25;216;18.82;C;38.1568835766;30.1510920115;1374
Dinar_2;FIO;2016-07-21 00:00:00;1;2.5;211;17.53;C;38.1568835766;30.1510920115;1374
Dinar_2;FIO;2016-07-21 01:00:00;1;2.53;210;16.39;C;38.1568835766;30.1510920115;1374
Dinar_2;FIO;2016-07-21 02:00:00;1;2.41;210;15.37;C;38.1568835766;30.1510920115;1374
Dinar_2;FIO;2016-07-21 03:00:00;1;2.28;211;14.51;C;38.1568835766;30.1510920115;1374
Dinar_2;FIO;2016-07-21 04:00:00;1;2.15;213;13.64;C;38.1568835766;30.1510920115;1374
Dinar_2;FIO;2016-07-21 05:00:00;1;2.03;215;12.98;C;38.1568835766;30.1510920115;1374
Dinar_2;FIO;2016-07-21 06:00:00;1;1.96;217;13.34;C;38.1568835766;30.1510920115;1374
Dinar_2;FIO;2016-07-21 07:00:00;1;2.03;218;14.7;C;38.1568835766;30.1510920115;1374
Dinar_2;FIO;2016-07-21 08:00:00;1;2.15;219;16.59;C;38.1568835766;30.1510920115;1374
Dinar_2;FIO;2016-07-21 09:00:00;1;2.16;219;18.44;C;38.1568835766;30.1510920115;1374
Dinar_2;FIO;2016-07-21 10:00:00;1;1.95;218;20.28;C;38.1568835766;30.1510920115;1374
Dinar_2;FIO;2016-07-21 11:00:00;1;1.63;217;22.29;C;38.1568835766;30.1510920115;1374
Dinar_2;FIO;2016-07-21 12:00:00;1;1.37;210;24.16;C;38.1568835766;30.1510920115;1374
Dinar_2;FIO;2016-07-21 13:00:00;1;1.31;192;25.72;C;38.1568835766;30.1510920115;1374
Dinar_2;FIO;2016-07-21 14:00:00;1;1.5;532;27.02;C;38.1568835766;30.1510920115;1374
Dinar_2;FIO;2016-07-21 15:00:00;1;1.74;523;27.99;C;38.1568835766;30.1510920115;1374
Dinar_2;FIO;2016-07-21 16:00:00;1;1.83;524;28.59;C;38.1568835766;30.1510920115;1374
Dinar_2;FIO;2016-07-21 17:00:00;1;1.85;529;28.33;C;38.1568835766;30.1510920115;1374
Dinar_2;FIO;2016-07-21 18:00:00;1;1.94;537;27.41;C;38.1568835766;30.1510920115;1374
Dinar_2;FIO;2016-07-21 19:00:00;1;2.21;186;25.68;C;38.1568835766;30.1510920115;1374
Dinar_2;FIO;2016-07-21 20:00:00;1;2.57;194;23.51;C;38.1568835766;30.1510920115;1374
Dinar_2;FIO;2016-07-21 21:00:00;1;2.87;200;21.56;C;38.1568835766;30.1510920115;1374
Dinar_2;FIO;2016-07-21 22:00:00;1;2.98;204;19.97;C;38.1568835766;30.1510920115;1374
Dinar_2;FIO;2016-07-21 23:00:00;1;2.99;207;18.52;C;38.1568835766;30.1510920115;1374
Dinar_2;FIO;2016-07-22 00:00:00;2;2.9;210;17.27;C;38.1568835766;30.1510920115;1374
Dinar_2;FIO;2016-07-22 01:00:00;2;2.68;212;16.22;C;38.1568835766;30.1510920115;1374
Dinar_2;FIO;2016-07-22 02:00:00;2;2.39;214;15.36;C;38.1568835766;30.1510920115;1374
Dinar_2;FIO;2016-07-22 03:00:00;2;2.17;216;14.66;C;38.1568835766;30.1510920115;1374
Dinar_2;FIO;2016-07-22 04:00:00;2;2.1;219;13.91;C;38.1568835766;30.1510920115;1374
Dinar_2;FIO;2016-07-22 05:00:00;2;2.1;221;13.32;C;38.1568835766;30.1510920115;1374
Dinar_2;FIO;2016-07-22 06:00:00;2;2.11;223;13.72;C;38.1568835766;30.1510920115;1374
Dinar_2;FIO;2016-07-22 07:00:00;2;2.09;225;15.22;C;38.1568835766;30.1510920115;1374
Dinar_2;FIO;2016-07-22 08:00:00;2;2.06;228;17.34;C;38.1568835766;30.1510920115;1374
Dinar_2;FIO;2016-07-22 09:00:00;2;1.96;228;19.4;C;38.1568835766;30.1510920115;1374
Dinar_2;FIO;2016-07-22 10:00:00;2;1.8;224;21.39;C;38.1568835766;30.1510920115;1374
Dinar_2;FIO;2016-07-22 11:00:00;2;1.59;216;23.53;C;38.1568835766;30.1510920115;1374
Dinar_3;FIO;2016-07-20 11:00:00;0;2.2;241;23.47;C;38.0550596229;30.2095824636;1182
Dinar_3;FIO;2016-07-20 12:00:00;0;1.87;243;25.51;C;38.0550596229;30.2095824636;1182
Dinar_3;FIO;2016-07-20 13:00:00;0;1.4;241;27.35;C;38.0550596229;30.2095824636;1182
Dinar_3;FIO;2016-07-20 14:00:00;0;0.85;234;28.98;C;38.0550596229;30.2095824636;1182
Dinar_3;FIO;2016-07-20 15:00:00;0;0.41;218;29.94;C;38.0550596229;30.2095824636;1182
Dinar_3;FIO;2016-07-20 16:00:00;0;0.13;518;29.56;C;38.0550596229;30.2095824636;1182
Dinar_3;FIO;2016-07-20 17:00:00;0;0.26;433;28.29;C;38.0550596229;30.2095824636;1182
Dinar_3;FIO;2016-07-20 18:00:00;0;0.31;418;26.75;C;38.0550596229;30.2095824636;1182
Dinar_3;FIO;2016-07-20 19:00:00;0;0.13;334;25.09;C;38.0550596229;30.2095824636;1182
Dinar_3;FIO;2016-07-20 20:00:00;0;0.59;267;23.33;C;38.0550596229;30.2095824636;1182
Dinar_3;FIO;2016-07-20 21:00:00;0;1.02;253;21.78;C;38.0550596229;30.2095824636;1182
Dinar_3;FIO;2016-07-20 22:00:00;0;1.35;234;20.47;C;38.0550596229;30.2095824636;1182
Dinar_3;FIO;2016-07-20 23:00:00;0;1.77;217;19.25;C;38.0550596229;30.2095824636;1182
Dinar_3;FIO;2016-07-21 00:00:00;1;2.12;209;18.08;C;38.0550596229;30.2095824636;1182
Dinar_3;FIO;2016-07-21 01:00:00;1;2.25;207;16.92;C;38.0550596229;30.2095824636;1182
Dinar_3;FIO;2016-07-21 02:00:00;1;2.23;206;15.82;C;38.0550596229;30.2095824636;1182
Dinar_3;FIO;2016-07-21 03:00:00;1;2.15;206;14.89;C;38.0550596229;30.2095824636;1182
Dinar_3;FIO;2016-07-21 04:00:00;1;2.05;208;14.01;C;38.0550596229;30.2095824636;1182
Dinar_3;FIO;2016-07-21 05:00:00;1;1.9;211;13.33;C;38.0550596229;30.2095824636;1182
Dinar_3;FIO;2016-07-21 06:00:00;1;1.82;214;13.66;C;38.0550596229;30.2095824636;1182
Dinar_3;FIO;2016-07-21 07:00:00;1;1.9;215;14.97;C;38.0550596229;30.2095824636;1182
Dinar_3;FIO;2016-07-21 08:00:00;1;2.03;215;16.83;C;38.0550596229;30.2095824636;1182
Dinar_3;FIO;2016-07-21 09:00:00;1;2.03;215;18.67;C;38.0550596229;30.2095824636;1182
Dinar_3;FIO;2016-07-21 10:00:00;1;1.79;216;20.52;C;38.0550596229;30.2095824636;1182
Dinar_3;FIO;2016-07-21 11:00:00;1;1.41;217;22.57;C;38.0550596229;30.2095824636;1182
Dinar_3;FIO;2016-07-21 12:00:00;1;1.1;210;24.47;C;38.0550596229;30.2095824636;1182
Dinar_3;FIO;2016-07-21 13:00:00;1;1.1;183;26.08;C;38.0550596229;30.2095824636;1182
Dinar_3;FIO;2016-07-21 14:00:00;1;1.49;519;27.44;C;38.0550596229;30.2095824636;1182
Dinar_3;FIO;2016-07-21 15:00:00;1;1.86;511;28.43;C;38.0550596229;30.2095824636;1182
Dinar_3;FIO;2016-07-21 16:00:00;1;1.9;510;28.94;C;38.0550596229;30.2095824636;1182
Dinar_3;FIO;2016-07-21 17:00:00;1;1.77;514;28.55;C;38.0550596229;30.2095824636;1182
Dinar_3;FIO;2016-07-21 18:00:00;1;1.69;522;27.54;C;38.0550596229;30.2095824636;1182
Dinar_3;FIO;2016-07-21 19:00:00;1;1.78;535;25.82;C;38.0550596229;30.2095824636;1182
Dinar_3;FIO;2016-07-21 20:00:00;1;2.01;188;23.72;C;38.0550596229;30.2095824636;1182
Dinar_3;FIO;2016-07-21 21:00:00;1;2.27;197;21.84;C;38.0550596229;30.2095824636;1182
Dinar_3;FIO;2016-07-21 22:00:00;1;2.53;202;20.34;C;38.0550596229;30.2095824636;1182
Dinar_3;FIO;2016-07-21 23:00:00;1;2.74;205;18.99;C;38.0550596229;30.2095824636;1182
Dinar_3;FIO;2016-07-22 00:00:00;2;2.81;208;17.79;C;38.0550596229;30.2095824636;1182
Dinar_3;FIO;2016-07-22 01:00:00;2;2.64;209;16.72;C;38.0550596229;30.2095824636;1182
Dinar_3;FIO;2016-07-22 02:00:00;2;2.33;211;15.78;C;38.0550596229;30.2095824636;1182
Dinar_3;FIO;2016-07-22 03:00:00;2;2.1;213;15.01;C;38.0550596229;30.2095824636;1182
Dinar_3;FIO;2016-07-22 04:00:00;2;2.04;216;14.26;C;38.0550596229;30.2095824636;1182
Dinar_3;FIO;2016-07-22 05:00:00;2;2.06;218;13.67;C;38.0550596229;30.2095824636;1182
Dinar_3;FIO;2016-07-22 06:00:00;2;2.07;219;14.07;C;38.0550596229;30.2095824636;1182
Dinar_3;FIO;2016-07-22 07:00:00;2;2.06;222;15.52;C;38.0550596229;30.2095824636;1182
Dinar_3;FIO;2016-07-22 08:00:00;2;2.03;224;17.54;C;38.0550596229;30.2095824636;1182
Dinar_3;FIO;2016-07-22 09:00:00;2;1.96;224;19.52;C;38.0550596229;30.2095824636;1182
Dinar_3;FIO;2016-07-22 10:00:00;2;1.84;221;21.46;C;38.0550596229;30.2095824636;1182
Dinar_3;FIO;2016-07-22 11:00:00;2;1.7;214;23.58;C;38.0550596229;30.2095824636;1182
Eolos-Senkoy;FIO;2016-07-20 11:00:00;0;3.93;425;26.7;C;36.0500008311;36.1298980538;902
Eolos-Senkoy;FIO;2016-07-20 12:00:00;0;4.61;426;27.92;C;36.0500008311;36.1298980538;902
Eolos-Senkoy;FIO;2016-07-20 13:00:00;0;5.13;426;28.89;C;36.0500008311;36.1298980538;902
Eolos-Senkoy;FIO;2016-07-20 14:00:00;0;5.54;425;29.65;C;36.0500008311;36.1298980538;902
Eolos-Senkoy;FIO;2016-07-20 15:00:00;0;5.72;424;30.1;C;36.0500008311;36.1298980538;902
Eolos-Senkoy;FIO;2016-07-20 16:00:00;0;5.59;423;29.8;C;36.0500008311;36.1298980538;902
Eolos-Senkoy;FIO;2016-07-20 17:00:00;0;5.23;423;28.97;C;36.0500008311;36.1298980538;902
Eolos-Senkoy;FIO;2016-07-20 18:00:00;0;4.79;423;27.87;C;36.0500008311;36.1298980538;902
Eolos-Senkoy;FIO;2016-07-20 19:00:00;0;4.24;421;26.51;C;36.0500008311;36.1298980538;902
Eolos-Senkoy;FIO;2016-07-20 20:00:00;0;3.63;418;25.02;C;36.0500008311;36.1298980538;902
Eolos-Senkoy;FIO;2016-07-20 21:00:00;0;3.17;415;23.79;C;36.0500008311;36.1298980538;902
Eolos-Senkoy;FIO;2016-07-20 22:00:00;0;2.94;413;22.91;C;36.0500008311;36.1298980538;902
Eolos-Senkoy;FIO;2016-07-20 23:00:00;0;2.85;412;22.16;C;36.0500008311;36.1298980538;902
Eolos-Senkoy;FIO;2016-07-21 00:00:00;1;2.76;411;21.47;C;36.0500008311;36.1298980538;902
Eolos-Senkoy;FIO;2016-07-21 01:00:00;1;2.65;413;20.86;C;36.0500008311;36.1298980538;902
Eolos-Senkoy;FIO;2016-07-21 02:00:00;1;2.54;415;20.36;C;36.0500008311;36.1298980538;902
Eolos-Senkoy;FIO;2016-07-21 03:00:00;1;2.48;415;19.99;C;36.0500008311;36.1298980538;902
Eolos-Senkoy;FIO;2016-07-21 04:00:00;1;2.47;408;19.71;C;36.0500008311;36.1298980538;902
Eolos-Senkoy;FIO;2016-07-21 05:00:00;1;2.56;398;19.92;C;36.0500008311;36.1298980538;902
Eolos-Senkoy;FIO;2016-07-21 06:00:00;1;2.68;393;20.54;C;36.0500008311;36.1298980538;902
Eolos-Senkoy;FIO;2016-07-21 07:00:00;1;2.68;395;21.69;C;36.0500008311;36.1298980538;902
Eolos-Senkoy;FIO;2016-07-21 08:00:00;1;2.68;400;23.13;C;36.0500008311;36.1298980538;902
Eolos-Senkoy;FIO;2016-07-21 09:00:00;1;2.87;407;24.49;C;36.0500008311;36.1298980538;902
Eolos-Senkoy;FIO;2016-07-21 10:00:00;1;3.41;414;25.86;C;36.0500008311;36.1298980538;902
Eolos-Senkoy;FIO;2016-07-21 11:00:00;1;4.19;420;27.41;C;36.0500008311;36.1298980538;902
Eolos-Senkoy;FIO;2016-07-21 12:00:00;1;4.9;423;28.89;C;36.0500008311;36.1298980538;902
Eolos-Senkoy;FIO;2016-07-21 13:00:00;1;5.48;424;30.11;C;36.0500008311;36.1298980538;902
Eolos-Senkoy;FIO;2016-07-21 14:00:00;1;5.94;423;30.99;C;36.0500008311;36.1298980538;902
Eolos-Senkoy;FIO;2016-07-21 15:00:00;1;6.15;423;31.37;C;36.0500008311;36.1298980538;902
Eolos-Senkoy;FIO;2016-07-21 16:00:00;1;6.01;423;30.82;C;36.0500008311;36.1298980538;902
Eolos-Senkoy;FIO;2016-07-21 17:00:00;1;5.62;423;29.8;C;36.0500008311;36.1298980538;902
Eolos-Senkoy;FIO;2016-07-21 18:00:00;1;5.14;423;28.47;C;36.0500008311;36.1298980538;902
Eolos-Senkoy;FIO;2016-07-21 19:00:00;1;4.56;423;26.85;C;36.0500008311;36.1298980538;902
Eolos-Senkoy;FIO;2016-07-21 20:00:00;1;3.92;422;25.12;C;36.0500008311;36.1298980538;902
Eolos-Senkoy;FIO;2016-07-21 21:00:00;1;3.42;420;23.76;C;36.0500008311;36.1298980538;902
Eolos-Senkoy;FIO;2016-07-21 22:00:00;1;3.2;417;22.91;C;36.0500008311;36.1298980538;902
Eolos-Senkoy;FIO;2016-07-21 23:00:00;1;3.14;413;22.32;C;36.0500008311;36.1298980538;902
Eolos-Senkoy;FIO;2016-07-22 00:00:00;2;3.08;411;21.82;C;36.0500008311;36.1298980538;902
Eolos-Senkoy;FIO;2016-07-22 01:00:00;2;2.95;410;21.32;C;36.0500008311;36.1298980538;902
Eolos-Senkoy;FIO;2016-07-22 02:00:00;2;2.83;410;20.89;C;36.0500008311;36.1298980538;902
Eolos-Senkoy;FIO;2016-07-22 03:00:00;2;2.75;409;20.53;C;36.0500008311;36.1298980538;902
Eolos-Senkoy;FIO;2016-07-22 04:00:00;2;2.72;406;20.15;C;36.0500008311;36.1298980538;902
Eolos-Senkoy;FIO;2016-07-22 05:00:00;2;2.74;401;19.86;C;36.0500008311;36.1298980538;902
Eolos-Senkoy;FIO;2016-07-22 06:00:00;2;2.8;401;20.31;C;36.0500008311;36.1298980538;902
Eolos-Senkoy;FIO;2016-07-22 07:00:00;2;2.9;406;21.39;C;36.0500008311;36.1298980538;902
Eolos-Senkoy;FIO;2016-07-22 08:00:00;2;3.08;414;22.81;C;36.0500008311;36.1298980538;902
Eolos-Senkoy;FIO;2016-07-22 09:00:00;2;3.41;421;24.1;C;36.0500008311;36.1298980538;902
Eolos-Senkoy;FIO;2016-07-22 10:00:00;2;3.94;428;25.32;C;36.0500008311;36.1298980538;902
Eolos-Senkoy;FIO;2016-07-22 11:00:00;2;4.62;433;26.71;C;36.0500008311;36.1298980538;902
Kanije;FIO;2016-07-20 11:00:00;0;7.47;207;25.59;C;41.1308421666;26.886096986;281
Kanije;FIO;2016-07-20 12:00:00;0;7.61;207;27.13;C;41.1308421666;26.886096986;281
Kanije;FIO;2016-07-20 13:00:00;0;7.69;209;28.84;C;41.1308421666;26.886096986;281
Kanije;FIO;2016-07-20 14:00:00;0;7.67;211;30.51;C;41.1308421666;26.886096986;281
Kanije;FIO;2016-07-20 15:00:00;0;7.57;214;31.59;C;41.1308421666;26.886096986;281
Kanije;FIO;2016-07-20 16:00:00;0;7.47;218;31.53;C;41.1308421666;26.886096986;281
Kanije;FIO;2016-07-20 17:00:00;0;7.3;221;30.61;C;41.1308421666;26.886096986;281
Kanije;FIO;2016-07-20 18:00:00;0;6.96;225;29.19;C;41.1308421666;26.886096986;281
Kanije;FIO;2016-07-20 19:00:00;0;6.33;230;27.16;C;41.1308421666;26.886096986;281
Kanije;FIO;2016-07-20 20:00:00;0;5.57;237;24.78;C;41.1308421666;26.886096986;281
Kanije;FIO;2016-07-20 21:00:00;0;4.89;243;22.71;C;41.1308421666;26.886096986;281
Kanije;FIO;2016-07-20 22:00:00;0;4.25;247;21.09;C;41.1308421666;26.886096986;281
Kanije;FIO;2016-07-20 23:00:00;0;3.56;248;19.65;C;41.1308421666;26.886096986;281
Kanije;FIO;2016-07-21 00:00:00;1;2.96;246;18.38;C;41.1308421666;26.886096986;281
Kanije;FIO;2016-07-21 01:00:00;1;2.54;239;17.31;C;41.1308421666;26.886096986;281
Kanije;FIO;2016-07-21 02:00:00;1;2.3;227;16.42;C;41.1308421666;26.886096986;281
Kanije;FIO;2016-07-21 03:00:00;1;2.21;215;15.69;C;41.1308421666;26.886096986;281
Kanije;FIO;2016-07-21 04:00:00;1;2.15;202;14.93;C;41.1308421666;26.886096986;281
Kanije;FIO;2016-07-21 05:00:00;1;2.19;190;14.37;C;41.1308421666;26.886096986;281
Kanije;FIO;2016-07-21 06:00:00;1;2.32;186;15.07;C;41.1308421666;26.886096986;281
Kanije;FIO;2016-07-21 07:00:00;1;2.49;195;17.12;C;41.1308421666;26.886096986;281
Kanije;FIO;2016-07-21 08:00:00;1;2.8;209;19.88;C;41.1308421666;26.886096986;281
Kanije;FIO;2016-07-21 09:00:00;1;3.17;217;22.37;C;41.1308421666;26.886096986;281
Kanije;FIO;2016-07-21 10:00:00;1;3.47;218;24.4;C;41.1308421666;26.886096986;281
Kanije;FIO;2016-07-21 11:00:00;1;3.71;217;26.39;C;41.1308421666;26.886096986;281
Kanije;FIO;2016-07-21 12:00:00;1;3.81;217;28.26;C;41.1308421666;26.886096986;281
Kanije;FIO;2016-07-21 13:00:00;1;3.66;219;29.99;C;41.1308421666;26.886096986;281
Kanije;FIO;2016-07-21 14:00:00;1;3.35;223;31.51;C;41.1308421666;26.886096986;281
Kanije;FIO;2016-07-21 15:00:00;1;3.1;229;32.61;C;41.1308421666;26.886096986;281
Kanije;FIO;2016-07-21 16:00:00;1;3.05;237;33.21;C;41.1308421666;26.886096986;281
Kanije;FIO;2016-07-21 17:00:00;1;3.13;247;32.86;C;41.1308421666;26.886096986;281
Kanije;FIO;2016-07-21 18:00:00;1;3.17;257;31.69;C;41.1308421666;26.886096986;281
Kanije;FIO;2016-07-21 19:00:00;1;3.16;271;29.46;C;41.1308421666;26.886096986;281
Kanije;FIO;2016-07-21 20:00:00;1;3.26;286;26.62;C;41.1308421666;26.886096986;281
Kanije;FIO;2016-07-21 21:00:00;1;3.29;295;24.12;C;41.1308421666;26.886096986;281
Kanije;FIO;2016-07-21 22:00:00;1;2.93;296;22.18;C;41.1308421666;26.886096986;281
Kanije;FIO;2016-07-21 23:00:00;1;2.31;293;20.51;C;41.1308421666;26.886096986;281
Kanije;FIO;2016-07-22 00:00:00;2;1.83;286;19.13;C;41.1308421666;26.886096986;281
Kanije;FIO;2016-07-22 01:00:00;2;1.67;276;18.12;C;41.1308421666;26.886096986;281
Kanije;FIO;2016-07-22 02:00:00;2;1.69;266;17.41;C;41.1308421666;26.886096986;281
Kanije;FIO;2016-07-22 03:00:00;2;1.69;258;16.83;C;41.1308421666;26.886096986;281
Kanije;FIO;2016-07-22 04:00:00;2;1.55;251;16.09;C;41.1308421666;26.886096986;281
Kanije;FIO;2016-07-22 05:00:00;2;1.36;244;15.49;C;41.1308421666;26.886096986;281
Kanije;FIO;2016-07-22 06:00:00;2;1.25;240;16.1;C;41.1308421666;26.886096986;281
Kanije;FIO;2016-07-22 07:00:00;2;1.31;242;18.21;C;41.1308421666;26.886096986;281
Kanije;FIO;2016-07-22 08:00:00;2;1.43;247;21.11;C;41.1308421666;26.886096986;281
Kanije;FIO;2016-07-22 09:00:00;2;1.52;249;23.73;C;41.1308421666;26.886096986;281
Kanije;FIO;2016-07-22 10:00:00;2;1.5;248;25.87;C;41.1308421666;26.886096986;281
Kanije;FIO;2016-07-22 11:00:00;2;1.44;245;27.96;C;41.1308421666;26.886096986;281
